,logFC,level,p,Genus,ord
ASV112,10.6654615993688,enriched,1.85362398315134e-05,ASV112,113.75207112761
