,logFC,level,p,Genus,ord
ASV1,11.939120504963,enriched,1.92993342867091e-06,ASV1,142.542598432027
