,logFC,level,p,Genus,ord
ASV1,-17.5310061216322,depleted,2.67999328740166e-09,ASV1,307.336175636707
ASV112,10.7174180215108,enriched,1.72400953868396e-05,ASV112,114.863049047805
